,Use_Case,Random_Tree,Original_BT_Timeliness,Original_BT_Popularity,Original_BT_Completeness,Original_BT_Diversity,Original_BT_Serendipity,Original_BT_Granularity,Original_BT_#_Nodes,Original_BT_#_Explainers,Original_BT_#_Applicable_Explainers,Explainer_Reuse_Result_Timeliness,Explainer_Reuse_Result_Popularity,Explainer_Reuse_Result_Completeness,Explainer_Reuse_Result_Diversity,Explainer_Reuse_Result_Serendipity,Explainer_Reuse_Result_Granularity,Explainer_Reuse_Result_#_Nodes,Explainer_Reuse_Result_#_Explainers,Explainer_Reuse_Result_#_Applicable_Explainers,BT_Reuse_Result_Timeliness,BT_Reuse_Result_Popularity,BT_Reuse_Result_Completeness,BT_Reuse_Result_Diversity,BT_Reuse_Result_Serendipity,BT_Reuse_Result_Granularity,BT_Reuse_Result_#_Nodes,BT_Reuse_Result_#_Explainers,BT_Reuse_Result_#_Applicable_Explainers,Explainer_BT_Reuse_Result_Timeliness,Explainer_BT_Reuse_Result_Popularity,Explainer_BT_Reuse_Result_Completeness,Explainer_BT_Reuse_Result_Diversity,Explainer_BT_Reuse_Result_Serendipity,Explainer_BT_Reuse_Result_Granularity,Explainer_BT_Reuse_Result_#_Nodes,Explainer_BT_Reuse_Result_#_Explainers,Explainer_BT_Reuse_Result_#_Applicable_Explainers
0,0,0,0.5714285714285714,0.5,0.43333333333333335,0.5666666666666667,"(False, 'No serendipia')",0.425,8,3,1,0.8571428571428571,0.0,0.5,0.5,"(False, 'No serendipia')",0.425,8,3,3,0.8571428571428571,0.75,0.5,0.5,"(False, 'No serendipia')",0.41666666666666663,6,2,2,0.8571428571428571,0.75,0.5,0.5,"(False, 'No serendipia')",0.41666666666666663,6,2,2
1,0,1,0.8571428571428571,0.7,0.6333333333333333,0.3666666666666667,"(False, 'No serendipia')",0.35,12,5,2,0.8571428571428571,0.09999999999999998,0.6166666666666667,0.3833333333333333,"(False, 'No serendipia')",0.35,12,5,5,0.8571428571428571,0.75,0.5,0.5,"(False, 'No serendipia')",0.41666666666666663,6,2,2,0.8571428571428571,0.75,0.5,0.5,"(False, 'No serendipia')",0.41666666666666663,6,2,2
2,0,2,0.5714285714285714,0.5,0.65,0.35,"(False, 'No serendipia')",0.35,12,5,3,0.5714285714285714,0.375,0.6000000000000001,0.3999999999999999,"(False, 'No serendipia')",0.32499999999999996,12,4,4,0.8571428571428571,0.75,0.5,0.5,"(False, 'No serendipia')",0.41666666666666663,6,2,2,0.8571428571428571,0.75,0.5,0.5,"(False, 'No serendipia')",0.41666666666666663,6,2,2
3,0,3,0.5714285714285714,0.0,0.4,0.6,"(False, 'No serendipia')",0.3333333333333333,6,2,0,0.8571428571428571,0.25,0.3333333333333333,0.6666666666666667,"(False, 'No serendipia')",0.3333333333333333,6,2,2,0.5714285714285714,1.0,1.0,0.0,"(False, 'No serendipia')",0.4,4,1,1,0.2857142857142857,0.5,1.0,0.0,"(False, 'No serendipia')",0.4,4,1,1
4,0,4,0.8571428571428571,0.33333333333333337,0.5666666666666667,0.43333333333333335,"(False, 'No serendipia')",0.3,8,3,2,0.8571428571428571,0.33333333333333337,0.6333333333333333,0.3666666666666667,"(False, 'No serendipia')",0.3,8,3,3,0.2857142857142857,0.5,1.0,0.0,"(False, 'No serendipia')",0.4,4,1,1,0.2857142857142857,0.5,1.0,0.0,"(False, 'No serendipia')",0.4,4,1,1
5,0,5,0.5714285714285714,0.5,0.46666666666666673,0.5333333333333332,"(False, 'No serendipia')",0.32499999999999996,12,4,1,0.8571428571428571,0.19999999999999996,0.6333333333333333,0.3666666666666667,"(False, 'No serendipia')",0.35,12,5,5,0.8571428571428571,0.75,0.5,0.5,"(False, 'No serendipia')",0.41666666666666663,6,2,2,0.8571428571428571,0.75,0.5,0.5,"(False, 'No serendipia')",0.41666666666666663,6,2,2
6,0,6,0.5714285714285714,0.16666666666666663,0.7,0.30000000000000004,"(False, 'No serendipia')",0.425,8,3,3,0.5714285714285714,0.16666666666666663,0.7,0.30000000000000004,"(False, 'No serendipia')",0.425,8,3,3,0.8571428571428571,0.75,0.5,0.5,"(False, 'No serendipia')",0.41666666666666663,6,2,2,0.8571428571428571,0.75,0.5,0.5,"(False, 'No serendipia')",0.41666666666666663,6,2,2
7,0,7,0.8571428571428571,0.8333333333333333,0.5666666666666667,0.43333333333333335,"(False, 'No serendipia')",0.425,8,3,1,0.8571428571428571,0.5,0.5666666666666667,0.43333333333333335,"(False, 'No serendipia')",0.425,8,3,3,0.8571428571428571,0.75,0.5,0.5,"(False, 'No serendipia')",0.41666666666666663,6,2,2,0.8571428571428571,0.75,0.5,0.5,"(False, 'No serendipia')",0.41666666666666663,6,2,2
8,0,8,0.5714285714285714,0.875,0.6666666666666666,0.33333333333333337,"(False, 'No serendipia')",0.38,10,4,0,0.5714285714285714,0.25,0.5555555555555555,0.44444444444444453,"(False, 'No serendipia')",0.38,10,4,4,0.8571428571428571,0.75,0.5,0.5,"(False, 'No serendipia')",0.41666666666666663,6,2,2,0.8571428571428571,0.75,0.5,0.5,"(False, 'No serendipia')",0.41666666666666663,6,2,2
9,0,9,0.8571428571428571,0.19999999999999996,0.6333333333333333,0.3666666666666667,"(False, 'No serendipia')",0.35,12,5,3,0.8571428571428571,0.125,0.5777777777777777,0.4222222222222223,"(False, 'No serendipia')",0.32499999999999996,12,4,4,0.8571428571428571,0.75,0.5,0.5,"(False, 'No serendipia')",0.41666666666666663,6,2,2,0.8571428571428571,0.75,0.5,0.5,"(False, 'No serendipia')",0.41666666666666663,6,2,2
10,1,0,0.8571428571428571,0.8,0.5833333333333334,0.41666666666666663,"(False, 'No serendipia')",0.35,12,5,1,0.8571428571428571,0.5,0.75,0.25,"(False, 'No serendipia')",0.35,12,5,5,0.5714285714285714,0.0,1.0,0.0,"(False, 'No serendipia')",0.4,4,1,1,0.5714285714285714,0.0,1.0,0.0,"(False, 'No serendipia')",0.4,4,1,1
11,1,1,0.5714285714285714,0.5,0.4666666666666667,0.5333333333333333,"(False, 'No serendipia')",0.425,8,3,1,0.8571428571428571,0.33333333333333337,0.6,0.4,"(False, 'No serendipia')",0.425,8,3,3,0.5714285714285714,0.0,1.0,0.0,"(False, 'No serendipia')",0.4,4,1,1,0.5714285714285714,0.0,1.0,0.0,"(False, 'No serendipia')",0.4,4,1,1
12,1,2,0.8571428571428571,1.0,1.0,0.0,"(False, 'No serendipia')",0.4,4,1,0,0.2857142857142857,0.5,1.0,0.0,"(False, 'No serendipia')",0.4,4,1,1,0.5714285714285714,0.0,1.0,0.0,"(False, 'No serendipia')",0.4,4,1,1,0.5714285714285714,0.0,1.0,0.0,"(False, 'No serendipia')",0.4,4,1,1
13,1,3,0.8571428571428571,0.8,0.65,0.35,"(False, 'No serendipia')",0.35,12,5,1,0.8571428571428571,0.5,0.6444444444444445,0.3555555555555555,"(False, 'No serendipia')",0.32499999999999996,12,4,4,0.5714285714285714,0.0,1.0,0.0,"(False, 'No serendipia')",0.4,4,1,1,0.5714285714285714,0.0,1.0,0.0,"(False, 'No serendipia')",0.4,4,1,1
14,1,4,0.8571428571428571,0.75,0.5111111111111111,0.48888888888888893,"(False, 'No serendipia')",0.38,10,4,1,0.8571428571428571,0.5,0.6444444444444445,0.3555555555555555,"(False, 'No serendipia')",0.38,10,4,4,0.5714285714285714,0.0,1.0,0.0,"(False, 'No serendipia')",0.4,4,1,1,0.5714285714285714,0.0,1.0,0.0,"(False, 'No serendipia')",0.4,4,1,1
15,1,5,0.8571428571428571,0.5,0.5333333333333333,0.4666666666666667,"(False, 'No serendipia')",0.38,10,4,2,0.8571428571428571,0.375,0.6666666666666666,0.33333333333333337,"(False, 'No serendipia')",0.38,10,4,4,0.5714285714285714,0.0,1.0,0.0,"(False, 'No serendipia')",0.4,4,1,1,0.5714285714285714,0.0,1.0,0.0,"(False, 'No serendipia')",0.4,4,1,1
16,1,6,0.8571428571428571,0.33333333333333337,0.5,0.5,"(False, 'No serendipia')",0.425,8,3,0,0.8571428571428571,0.5,0.5333333333333333,0.4666666666666667,"(False, 'No serendipia')",0.425,8,3,3,0.5714285714285714,0.0,1.0,0.0,"(False, 'No serendipia')",0.4,4,1,1,0.5714285714285714,0.0,1.0,0.0,"(False, 'No serendipia')",0.4,4,1,1
17,1,7,0.8571428571428571,0.5714285714285714,0.7444444444444444,0.25555555555555565,"(False, 'No serendipia')",0.375,16,7,1,0.8571428571428571,0.5,0.7466666666666666,0.2533333333333334,"(False, 'No serendipia')",0.35624999999999996,16,6,6,0.5714285714285714,0.0,1.0,0.0,"(False, 'No serendipia')",0.4,4,1,1,0.5714285714285714,0.0,1.0,0.0,"(False, 'No serendipia')",0.4,4,1,1
18,1,8,0.8571428571428571,0.5,0.5,0.5,"(False, 'No serendipia')",0.35,10,3,1,0.8571428571428571,0.33333333333333337,0.6,0.4,"(False, 'No serendipia')",0.35,10,3,3,0.5714285714285714,0.0,1.0,0.0,"(False, 'No serendipia')",0.4,4,1,1,0.5714285714285714,0.0,1.0,0.0,"(False, 'No serendipia')",0.4,4,1,1
19,1,9,0.8571428571428571,0.33333333333333337,0.64,0.36,"(False, 'No serendipia')",0.35624999999999996,16,6,1,0.8571428571428571,0.5,0.7555555555555554,0.24444444444444458,"(False, 'No serendipia')",0.375,16,7,7,0.5714285714285714,0.0,1.0,0.0,"(False, 'No serendipia')",0.4,4,1,1,0.5714285714285714,0.0,1.0,0.0,"(False, 'No serendipia')",0.4,4,1,1
20,2,0,0.8571428571428571,0.16666666666666663,0.7,0.30000000000000004,"(False, 'No serendipia')",0.425,8,3,0,0.2857142857142857,0.5,0.26666666666666666,0.7333333333333334,"(False, 'No serendipia')",0.3875,8,2,2,0.2857142857142857,1.0,1.0,0.0,"(False, 'No serendipia')",0.4,4,1,1,0.2857142857142857,1.0,1.0,0.0,"(False, 'No serendipia')",0.4,4,1,1
21,2,1,0.8571428571428571,0.2142857142857143,0.6666666666666666,0.33333333333333337,"(False, 'No serendipia')",0.375,16,7,1,0.2857142857142857,0.5,0.26666666666666666,0.7333333333333334,"(False, 'No serendipia')",0.28125,16,2,2,0.2857142857142857,1.0,1.0,0.0,"(False, 'No serendipia')",0.4,4,1,1,0.2857142857142857,1.0,1.0,0.0,"(False, 'No serendipia')",0.4,4,1,1
22,2,2,0.8571428571428571,0.33333333333333337,0.43333333333333335,0.5666666666666667,"(False, 'No serendipia')",0.425,8,3,1,0.2857142857142857,0.5,0.26666666666666666,0.7333333333333334,"(False, 'No serendipia')",0.3875,8,2,2,0.2857142857142857,1.0,1.0,0.0,"(False, 'No serendipia')",0.4,4,1,1,0.2857142857142857,1.0,1.0,0.0,"(False, 'No serendipia')",0.4,4,1,1
23,2,3,0.2857142857142857,0.0,1.0,0.0,"(False, 'No serendipia')",0.2833333333333333,6,1,0,0.2857142857142857,0.5,0.26666666666666666,0.7333333333333334,"(False, 'No serendipia')",0.3333333333333333,6,2,2,0.2857142857142857,1.0,1.0,0.0,"(False, 'No serendipia')",0.4,4,1,1,0.2857142857142857,1.0,1.0,0.0,"(False, 'No serendipia')",0.4,4,1,1
24,2,4,0.5714285714285714,0.16666666666666663,0.5666666666666667,0.43333333333333335,"(False, 'No serendipia')",0.425,8,3,0,0.2857142857142857,0.5,0.26666666666666666,0.7333333333333334,"(False, 'No serendipia')",0.3875,8,2,2,0.2857142857142857,1.0,1.0,0.0,"(False, 'No serendipia')",0.4,4,1,1,0.2857142857142857,1.0,1.0,0.0,"(False, 'No serendipia')",0.4,4,1,1
25,2,5,0.5714285714285714,0.6666666666666667,0.5,0.5,"(False, 'No serendipia')",0.35,10,3,0,0.2857142857142857,0.5,0.26666666666666666,0.7333333333333334,"(False, 'No serendipia')",0.32,10,2,2,0.2857142857142857,1.0,1.0,0.0,"(False, 'No serendipia')",0.4,4,1,1,0.2857142857142857,1.0,1.0,0.0,"(False, 'No serendipia')",0.4,4,1,1
26,2,6,0.8571428571428571,0.6666666666666667,0.6,0.4,"(False, 'No serendipia')",0.3,8,3,0,0.2857142857142857,0.5,0.26666666666666666,0.7333333333333334,"(False, 'No serendipia')",0.2625,8,2,2,0.2857142857142857,1.0,1.0,0.0,"(False, 'No serendipia')",0.4,4,1,1,0.2857142857142857,1.0,1.0,0.0,"(False, 'No serendipia')",0.4,4,1,1
27,2,7,0.8571428571428571,0.5,0.4666666666666666,0.5333333333333334,"(False, 'No serendipia')",0.38,10,4,0,0.2857142857142857,0.5,0.26666666666666666,0.7333333333333334,"(False, 'No serendipia')",0.32,10,2,2,0.2857142857142857,1.0,1.0,0.0,"(False, 'No serendipia')",0.4,4,1,1,0.2857142857142857,1.0,1.0,0.0,"(False, 'No serendipia')",0.4,4,1,1
28,2,8,0.8571428571428571,0.41666666666666663,0.6933333333333334,0.30666666666666664,"(False, 'No serendipia')",0.4,14,6,0,0.2857142857142857,0.5,0.26666666666666666,0.7333333333333334,"(False, 'No serendipia')",0.3142857142857143,14,2,2,0.2857142857142857,1.0,1.0,0.0,"(False, 'No serendipia')",0.4,4,1,1,0.2857142857142857,1.0,1.0,0.0,"(False, 'No serendipia')",0.4,4,1,1
29,2,9,0.8571428571428571,0.6000000000000001,0.65,0.35,"(False, 'No serendipia')",0.37857142857142856,14,5,0,0.2857142857142857,0.5,0.26666666666666666,0.7333333333333334,"(False, 'No serendipia')",0.3142857142857143,14,2,2,0.2857142857142857,1.0,1.0,0.0,"(False, 'No serendipia')",0.4,4,1,1,0.2857142857142857,1.0,1.0,0.0,"(False, 'No serendipia')",0.4,4,1,1
30,3,0,0.8571428571428571,0.4,0.5833333333333334,0.41666666666666663,"(False, 'No serendipia')",0.35,12,5,2,0.8571428571428571,0.4,0.7,0.30000000000000004,"(False, 'No serendipia')",0.35,12,5,5,0.5714285714285714,0.0,1.0,0.0,"(False, 'No serendipia')",0.4,4,1,1,0.5714285714285714,0.0,1.0,0.0,"(False, 'No serendipia')",0.4,4,1,1
31,3,1,0.8571428571428571,0.8571428571428572,0.7333333333333336,0.2666666666666664,"(False, 'No serendipia')",0.375,16,7,2,0.8571428571428571,0.5833333333333333,0.76,0.24,"(False, 'No serendipia')",0.35624999999999996,16,6,6,0.5714285714285714,0.0,1.0,0.0,"(False, 'No serendipia')",0.4,4,1,1,0.5714285714285714,0.0,1.0,0.0,"(False, 'No serendipia')",0.4,4,1,1
32,3,2,0.5714285714285714,0.375,0.5555555555555556,0.4444444444444444,"(False, 'No serendipia')",0.38,10,4,0,0.8571428571428571,0.5,0.5777777777777777,0.4222222222222223,"(False, 'No serendipia')",0.38,10,4,4,0.5714285714285714,0.0,1.0,0.0,"(False, 'No serendipia')",0.4,4,1,1,0.5714285714285714,0.0,1.0,0.0,"(False, 'No serendipia')",0.4,4,1,1
33,3,3,0.8571428571428571,0.6666666666666667,0.5333333333333333,0.4666666666666667,"(False, 'No serendipia')",0.3,8,3,1,0.8571428571428571,0.5,0.5333333333333333,0.4666666666666667,"(False, 'No serendipia')",0.2625,8,2,2,0.5714285714285714,0.0,1.0,0.0,"(False, 'No serendipia')",0.4,4,1,1,0.5714285714285714,0.0,1.0,0.0,"(False, 'No serendipia')",0.4,4,1,1
34,3,4,0.8571428571428571,0.16666666666666663,0.6,0.4,"(False, 'No serendipia')",0.425,8,3,1,0.8571428571428571,0.25,0.3333333333333333,0.6666666666666667,"(False, 'No serendipia')",0.3875,8,2,2,0.5714285714285714,0.0,1.0,0.0,"(False, 'No serendipia')",0.4,4,1,1,0.5714285714285714,0.0,1.0,0.0,"(False, 'No serendipia')",0.4,4,1,1
35,3,5,0.5714285714285714,0.6000000000000001,0.6666666666666666,0.33333333333333337,"(False, 'No serendipia')",0.35,12,5,1,0.8571428571428571,0.5,0.7111111111111111,0.28888888888888886,"(False, 'No serendipia')",0.32499999999999996,12,4,4,0.5714285714285714,0.0,1.0,0.0,"(False, 'No serendipia')",0.4,4,1,1,0.5714285714285714,0.0,1.0,0.0,"(False, 'No serendipia')",0.4,4,1,1
36,3,6,0.8571428571428571,0.5,0.5666666666666667,0.43333333333333335,"(True, ""The explainers that are a surprise are ['/Tabular/LIME']"")",0.425,8,3,1,0.5714285714285714,0.16666666666666663,0.5,0.5,"(False, 'No serendipia')",0.425,8,3,3,0.5714285714285714,0.0,1.0,0.0,"(False, 'No serendipia')",0.4,4,1,1,0.5714285714285714,0.0,1.0,0.0,"(False, 'No serendipia')",0.4,4,1,1
37,3,7,0.5714285714285714,0.5,0.5111111111111111,0.48888888888888893,"(False, 'No serendipia')",0.38,10,4,0,0.8571428571428571,0.375,0.5777777777777777,0.4222222222222223,"(False, 'No serendipia')",0.38,10,4,4,0.5714285714285714,0.0,1.0,0.0,"(False, 'No serendipia')",0.4,4,1,1,0.5714285714285714,0.0,1.0,0.0,"(False, 'No serendipia')",0.4,4,1,1
38,3,8,0.8571428571428571,0.5,0.3333333333333333,0.6666666666666667,"(False, 'No serendipia')",0.3333333333333333,6,2,0,0.8571428571428571,0.5,0.5333333333333333,0.4666666666666667,"(False, 'No serendipia')",0.3333333333333333,6,2,2,0.5714285714285714,0.0,1.0,0.0,"(False, 'No serendipia')",0.4,4,1,1,0.5714285714285714,0.0,1.0,0.0,"(False, 'No serendipia')",0.4,4,1,1
39,3,9,0.42857142857142855,0.5,0.6333333333333333,0.3666666666666667,"(False, 'No serendipia')",0.425,8,3,1,0.2857142857142857,0.16666666666666663,0.5333333333333333,0.4666666666666667,"(False, 'No serendipia')",0.425,8,3,3,0.5714285714285714,0.0,1.0,0.0,"(False, 'No serendipia')",0.4,4,1,1,0.5714285714285714,0.0,1.0,0.0,"(False, 'No serendipia')",0.4,4,1,1
40,4,0,0.8571428571428571,0.5,0.7333333333333333,0.2666666666666667,"(False, 'No serendipia')",0.3333333333333333,6,2,0,0.5714285714285714,0.25,0.4666666666666667,0.5333333333333333,"(False, 'No serendipia')",0.3333333333333333,6,2,2,0.2857142857142857,0.5,1.0,0.0,"(False, 'No serendipia')",0.4,4,1,1,0.2857142857142857,0.5,1.0,0.0,"(False, 'No serendipia')",0.4,4,1,1
41,4,1,0.8571428571428571,0.875,0.6,0.4,"(False, 'No serendipia')",0.38,10,4,0,0.5714285714285714,0.125,0.5555555555555555,0.44444444444444453,"(False, 'No serendipia')",0.38,10,4,4,0.2857142857142857,0.25,0.9666666666666667,0.033333333333333326,"(False, 'No serendipia')",0.41666666666666663,6,2,2,0.2857142857142857,0.25,0.9666666666666667,0.033333333333333326,"(False, 'No serendipia')",0.41666666666666663,6,2,2
42,4,2,0.8571428571428571,0.30000000000000004,0.55,0.44999999999999996,"(False, 'No serendipia')",0.35,12,5,1,0.5714285714285714,0.25,0.5777777777777777,0.4222222222222223,"(False, 'No serendipia')",0.32499999999999996,12,4,4,0.2857142857142857,0.25,0.9666666666666667,0.033333333333333326,"(False, 'No serendipia')",0.41666666666666663,6,2,2,0.2857142857142857,0.25,0.9666666666666667,0.033333333333333326,"(False, 'No serendipia')",0.41666666666666663,6,2,2
43,4,3,0.5714285714285714,0.6666666666666667,0.5,0.5,"(False, 'No serendipia')",0.425,8,3,1,0.5714285714285714,0.16666666666666663,0.5666666666666667,0.43333333333333335,"(False, 'No serendipia')",0.425,8,3,3,0.2857142857142857,0.25,0.9666666666666667,0.033333333333333326,"(False, 'No serendipia')",0.41666666666666663,6,2,2,0.2857142857142857,0.25,0.9666666666666667,0.033333333333333326,"(False, 'No serendipia')",0.41666666666666663,6,2,2
44,4,4,0.8571428571428571,0.7857142857142858,0.7222222222222224,0.27777777777777757,"(False, 'No serendipia')",0.375,16,7,0,0.8571428571428571,0.2857142857142857,0.7222222222222222,0.2777777777777778,"(False, 'No serendipia')",0.375,16,7,7,0.2857142857142857,0.25,0.9666666666666667,0.033333333333333326,"(False, 'No serendipia')",0.41666666666666663,6,2,2,0.2857142857142857,0.25,0.9666666666666667,0.033333333333333326,"(False, 'No serendipia')",0.41666666666666663,6,2,2
45,4,5,0.8571428571428571,0.4285714285714286,0.7333333333333335,0.2666666666666665,"(False, 'No serendipia')",0.375,16,7,1,0.8571428571428571,0.33333333333333337,0.6266666666666666,0.3733333333333334,"(False, 'No serendipia')",0.35624999999999996,16,6,6,0.2857142857142857,0.25,0.9666666666666667,0.033333333333333326,"(False, 'No serendipia')",0.41666666666666663,6,2,2,0.2857142857142857,0.25,0.9666666666666667,0.033333333333333326,"(False, 'No serendipia')",0.41666666666666663,6,2,2
46,4,6,0.5714285714285714,0.3571428571428571,0.7222222222222222,0.2777777777777778,"(False, 'No serendipia')",0.375,16,7,1,0.8571428571428571,0.2857142857142857,0.7222222222222222,0.2777777777777778,"(False, 'No serendipia')",0.375,16,7,7,0.2857142857142857,0.25,0.9666666666666667,0.033333333333333326,"(False, 'No serendipia')",0.41666666666666663,6,2,2,0.2857142857142857,0.25,0.9666666666666667,0.033333333333333326,"(False, 'No serendipia')",0.41666666666666663,6,2,2
47,4,7,0.8571428571428571,0.75,0.5555555555555556,0.4444444444444444,"(False, 'No serendipia')",0.38,10,4,0,0.8571428571428571,0.25,0.48888888888888893,0.5111111111111111,"(False, 'No serendipia')",0.38,10,4,4,0.2857142857142857,0.25,0.9666666666666667,0.033333333333333326,"(False, 'No serendipia')",0.41666666666666663,6,2,2,0.2857142857142857,0.25,0.9666666666666667,0.033333333333333326,"(False, 'No serendipia')",0.41666666666666663,6,2,2
48,4,8,0.5714285714285714,0.6666666666666667,0.4666666666666667,0.5333333333333333,"(False, 'No serendipia')",0.425,8,3,0,0.8571428571428571,0.16666666666666663,0.4,0.6,"(False, 'No serendipia')",0.425,8,3,3,0.2857142857142857,0.25,0.9666666666666667,0.033333333333333326,"(False, 'No serendipia')",0.41666666666666663,6,2,2,0.2857142857142857,0.25,0.9666666666666667,0.033333333333333326,"(False, 'No serendipia')",0.41666666666666663,6,2,2
49,4,9,0.8571428571428571,0.30000000000000004,0.6166666666666667,0.3833333333333333,"(False, 'No serendipia')",0.35,12,5,1,0.8571428571428571,0.19999999999999996,0.5833333333333334,0.41666666666666663,"(False, 'No serendipia')",0.35,12,5,5,0.2857142857142857,0.25,0.9666666666666667,0.033333333333333326,"(False, 'No serendipia')",0.41666666666666663,6,2,2,0.2857142857142857,0.25,0.9666666666666667,0.033333333333333326,"(False, 'No serendipia')",0.41666666666666663,6,2,2
50,5,0,0.5714285714285714,0.5,0.4,0.6,"(False, 'No serendipia')",0.3333333333333333,6,2,0,0.5714285714285714,0.0,0.3333333333333333,0.6666666666666667,"(False, 'No serendipia')",0.3333333333333333,6,2,2,0.8571428571428571,0.75,0.7666666666666667,0.23333333333333328,"(False, 'No serendipia')",0.41666666666666663,6,2,2,0.8571428571428571,0.75,0.7666666666666667,0.23333333333333328,"(False, 'No serendipia')",0.41666666666666663,6,2,2
51,5,1,0.5714285714285714,0.41666666666666663,0.7333333333333333,0.2666666666666667,"(False, 'No serendipia')",0.4,14,6,1,0.8571428571428571,0.25,0.7333333333333335,0.2666666666666665,"(False, 'No serendipia')",0.4,14,6,5,0.8571428571428571,0.75,0.7666666666666667,0.23333333333333328,"(False, 'No serendipia')",0.41666666666666663,6,2,2,0.8571428571428571,0.75,0.7666666666666667,0.23333333333333328,"(False, 'No serendipia')",0.41666666666666663,6,2,2
52,5,2,0.8571428571428571,0.4,0.5833333333333334,0.41666666666666663,"(False, 'No serendipia')",0.37857142857142856,14,5,1,0.8571428571428571,0.19999999999999996,0.7,0.30000000000000004,"(False, 'No serendipia')",0.37857142857142856,14,5,5,0.8571428571428571,0.75,0.7666666666666667,0.23333333333333328,"(False, 'No serendipia')",0.41666666666666663,6,2,2,0.8571428571428571,0.75,0.7666666666666667,0.23333333333333328,"(False, 'No serendipia')",0.41666666666666663,6,2,2
53,5,3,0.5714285714285714,0.5,0.5,0.5,"(False, 'No serendipia')",0.425,8,3,0,0.8571428571428571,0.33333333333333337,0.4666666666666667,0.5333333333333333,"(False, 'No serendipia')",0.425,8,3,3,0.8571428571428571,0.75,0.7666666666666667,0.23333333333333328,"(False, 'No serendipia')",0.41666666666666663,6,2,2,0.8571428571428571,0.75,0.7666666666666667,0.23333333333333328,"(False, 'No serendipia')",0.41666666666666663,6,2,2
54,5,4,0.5714285714285714,0.5,0.5666666666666667,0.43333333333333335,"(False, 'No serendipia')",0.3,8,3,0,0.8571428571428571,0.16666666666666663,0.7,0.30000000000000004,"(False, 'No serendipia')",0.3,8,3,3,0.8571428571428571,0.75,0.7666666666666667,0.23333333333333328,"(False, 'No serendipia')",0.41666666666666663,6,2,2,0.8571428571428571,0.75,0.7666666666666667,0.23333333333333328,"(False, 'No serendipia')",0.41666666666666663,6,2,2
55,5,5,0.8571428571428571,0.25,0.3333333333333333,0.6666666666666667,"(False, 'No serendipia')",0.3875,8,2,0,0.8571428571428571,0.33333333333333337,0.4666666666666667,0.5333333333333333,"(False, 'No serendipia')",0.425,8,3,3,0.8571428571428571,0.75,0.7666666666666667,0.23333333333333328,"(False, 'No serendipia')",0.41666666666666663,6,2,2,0.8571428571428571,0.75,0.7666666666666667,0.23333333333333328,"(False, 'No serendipia')",0.41666666666666663,6,2,2
56,5,6,0.8571428571428571,0.5,0.6222222222222222,0.37777777777777777,"(False, 'No serendipia')",0.38,10,4,1,0.8571428571428571,0.375,0.6,0.4,"(False, 'No serendipia')",0.38,10,4,4,0.8571428571428571,0.75,0.7666666666666667,0.23333333333333328,"(False, 'No serendipia')",0.41666666666666663,6,2,2,0.8571428571428571,0.75,0.7666666666666667,0.23333333333333328,"(False, 'No serendipia')",0.41666666666666663,6,2,2
57,5,7,0.8571428571428571,0.75,0.5555555555555555,0.44444444444444453,"(False, 'No serendipia')",0.38,10,4,0,0.8571428571428571,0.125,0.6222222222222221,0.3777777777777779,"(False, 'No serendipia')",0.38,10,4,4,0.8571428571428571,0.75,0.7666666666666667,0.23333333333333328,"(False, 'No serendipia')",0.41666666666666663,6,2,2,0.8571428571428571,0.75,0.7666666666666667,0.23333333333333328,"(False, 'No serendipia')",0.41666666666666663,6,2,2
58,5,8,0.8571428571428571,0.8333333333333333,0.5333333333333333,0.4666666666666667,"(True, ""The explainers that are a surprise are ['/Images/ClassificationReport']"")",0.35,10,3,1,0.8571428571428571,0.25,0.6888888888888888,0.3111111111111112,"(False, 'No serendipia')",0.38,10,4,4,0.8571428571428571,0.75,0.7666666666666667,0.23333333333333328,"(False, 'No serendipia')",0.41666666666666663,6,2,2,0.8571428571428571,0.75,0.7666666666666667,0.23333333333333328,"(False, 'No serendipia')",0.41666666666666663,6,2,2
59,5,9,0.8571428571428571,0.5555555555555556,0.7583333333333333,0.2416666666666667,"(False, 'No serendipia')",0.39,20,9,0,0.8571428571428571,0.2857142857142857,0.7666666666666667,0.23333333333333328,"(False, 'No serendipia')",0.36,20,7,7,0.8571428571428571,0.75,0.7666666666666667,0.23333333333333328,"(False, 'No serendipia')",0.41666666666666663,6,2,2,0.8571428571428571,0.75,0.7666666666666667,0.23333333333333328,"(False, 'No serendipia')",0.41666666666666663,6,2,2
60,6,0,0.5714285714285714,0.0,0.3333333333333333,0.6666666666666667,"(False, 'No serendipia')",0.3333333333333333,6,2,1,0.8571428571428571,0.5,0.6666666666666666,0.33333333333333337,"(False, 'No serendipia')",0.3333333333333333,6,2,2,0.0,0.0,1.0,0.0,"(False, 'No serendipia')",0.4,4,1,1,0.0,0.0,1.0,0.0,"(False, 'No serendipia')",0.4,4,1,1
61,6,1,0.2857142857142857,0.33333333333333337,0.6,0.4,"(False, 'No serendipia')",0.3,8,3,0,0.8571428571428571,0.16666666666666663,0.7,0.30000000000000004,"(False, 'No serendipia')",0.3,8,3,3,0.0,0.0,1.0,0.0,"(False, 'No serendipia')",0.4,4,1,1,0.0,0.0,1.0,0.0,"(False, 'No serendipia')",0.4,4,1,1
62,6,2,0.5714285714285714,0.5,0.5777777777777777,0.4222222222222223,"(False, 'No serendipia')",0.38,10,4,0,0.8571428571428571,0.125,0.6888888888888888,0.3111111111111112,"(False, 'No serendipia')",0.38,10,4,4,0.0,0.0,1.0,0.0,"(False, 'No serendipia')",0.4,4,1,1,0.0,0.0,1.0,0.0,"(False, 'No serendipia')",0.4,4,1,1
63,6,3,0.8571428571428571,0.33333333333333337,0.43333333333333335,0.5666666666666667,"(False, 'No serendipia')",0.425,8,3,0,0.8571428571428571,0.16666666666666663,0.7,0.30000000000000004,"(False, 'No serendipia')",0.425,8,3,3,0.0,0.0,1.0,0.0,"(False, 'No serendipia')",0.4,4,1,1,0.0,0.0,1.0,0.0,"(False, 'No serendipia')",0.4,4,1,1
64,6,4,0.8571428571428571,0.4375,0.7333333333333333,0.2666666666666667,"(False, 'No serendipia')",0.375,20,8,0,0.8571428571428571,0.33333333333333337,0.7733333333333333,0.22666666666666668,"(False, 'No serendipia')",0.34500000000000003,20,6,6,0.0,0.0,1.0,0.0,"(False, 'No serendipia')",0.4,4,1,1,0.0,0.0,1.0,0.0,"(False, 'No serendipia')",0.4,4,1,1
65,6,5,0.5714285714285714,0.375,0.6222222222222222,0.37777777777777777,"(False, 'No serendipia')",0.38,10,4,1,0.8571428571428571,0.33333333333333337,0.8,0.19999999999999996,"(False, 'No serendipia')",0.35,10,3,3,0.0,0.0,1.0,0.0,"(False, 'No serendipia')",0.4,4,1,1,0.0,0.0,1.0,0.0,"(False, 'No serendipia')",0.4,4,1,1
66,6,6,0.8571428571428571,0.4,0.5833333333333334,0.41666666666666663,"(False, 'No serendipia')",0.35,12,5,0,0.8571428571428571,0.25,0.6666666666666665,0.3333333333333335,"(False, 'No serendipia')",0.32499999999999996,12,4,4,0.0,0.0,1.0,0.0,"(False, 'No serendipia')",0.4,4,1,1,0.0,0.0,1.0,0.0,"(False, 'No serendipia')",0.4,4,1,1
67,6,7,0.8571428571428571,1.0,0.4,0.6,"(False, 'No serendipia')",0.425,8,3,1,0.8571428571428571,0.5,0.6666666666666666,0.33333333333333337,"(False, 'No serendipia')",0.425,8,3,3,0.0,0.0,1.0,0.0,"(False, 'No serendipia')",0.4,4,1,1,0.0,0.0,1.0,0.0,"(False, 'No serendipia')",0.4,4,1,1
68,6,8,0.5714285714285714,0.33333333333333337,0.5,0.5,"(False, 'No serendipia')",0.3,8,3,0,0.8571428571428571,0.33333333333333337,0.5666666666666667,0.43333333333333335,"(False, 'No serendipia')",0.3,8,3,3,0.0,0.0,1.0,0.0,"(False, 'No serendipia')",0.4,4,1,1,0.0,0.0,1.0,0.0,"(False, 'No serendipia')",0.4,4,1,1
69,6,9,0.5714285714285714,0.7,0.75,0.25,"(False, 'No serendipia')",0.35,12,5,0,0.8571428571428571,0.4,0.7166666666666667,0.2833333333333333,"(False, 'No serendipia')",0.35,12,5,5,0.0,0.0,1.0,0.0,"(False, 'No serendipia')",0.4,4,1,1,0.0,0.0,1.0,0.0,"(False, 'No serendipia')",0.4,4,1,1
70,7,0,0.8571428571428571,0.33333333333333337,0.43333333333333335,0.5666666666666667,"(False, 'No serendipia')",0.425,8,3,0,0.8571428571428571,0.16666666666666663,0.6666666666666666,0.33333333333333337,"(False, 'No serendipia')",0.425,8,3,3,0.5714285714285714,0.0,1.0,0.0,"(False, 'No serendipia')",0.4,4,1,1,0.5714285714285714,0.0,1.0,0.0,"(False, 'No serendipia')",0.4,4,1,1
71,7,1,0.8571428571428571,0.5,0.7,0.30000000000000004,"(False, 'No serendipia')",0.375,16,7,1,0.8571428571428571,0.2857142857142857,0.7555555555555556,0.24444444444444435,"(False, 'No serendipia')",0.375,16,7,7,0.5714285714285714,0.0,1.0,0.0,"(False, 'No serendipia')",0.4,4,1,1,0.5714285714285714,0.0,1.0,0.0,"(False, 'No serendipia')",0.4,4,1,1
72,7,2,0.5714285714285714,0.0,0.6,0.4,"(False, 'No serendipia')",0.425,8,3,0,0.8571428571428571,0.33333333333333337,0.4666666666666667,0.5333333333333333,"(False, 'No serendipia')",0.425,8,3,3,0.5714285714285714,0.0,1.0,0.0,"(False, 'No serendipia')",0.4,4,1,1,0.5714285714285714,0.0,1.0,0.0,"(False, 'No serendipia')",0.4,4,1,1
73,7,3,0.5714285714285714,0.375,0.5333333333333333,0.4666666666666667,"(False, 'No serendipia')",0.38,10,4,0,0.8571428571428571,0.25,0.6444444444444443,0.35555555555555574,"(False, 'No serendipia')",0.38,10,4,4,0.5714285714285714,0.0,1.0,0.0,"(False, 'No serendipia')",0.4,4,1,1,0.5714285714285714,0.0,1.0,0.0,"(False, 'No serendipia')",0.4,4,1,1
74,7,4,0.5714285714285714,0.5,0.7444444444444446,0.2555555555555554,"(False, 'No serendipia')",0.36,20,7,1,0.8571428571428571,0.4375,0.7714285714285712,0.22857142857142876,"(False, 'No serendipia')",0.375,20,8,8,0.5714285714285714,0.0,1.0,0.0,"(False, 'No serendipia')",0.4,4,1,1,0.5714285714285714,0.0,1.0,0.0,"(False, 'No serendipia')",0.4,4,1,1
75,7,5,0.8571428571428571,0.7,0.5333333333333333,0.4666666666666667,"(False, 'No serendipia')",0.35,12,5,1,0.5714285714285714,0.25,0.5999999999999999,0.40000000000000013,"(False, 'No serendipia')",0.32499999999999996,12,4,4,0.5714285714285714,0.0,1.0,0.0,"(False, 'No serendipia')",0.4,4,1,1,0.5714285714285714,0.0,1.0,0.0,"(False, 'No serendipia')",0.4,4,1,1
76,7,6,0.5714285714285714,0.4,0.7,0.30000000000000004,"(False, 'No serendipia')",0.37857142857142856,14,5,1,0.8571428571428571,0.4,0.65,0.35,"(False, 'No serendipia')",0.37857142857142856,14,5,5,0.5714285714285714,0.0,1.0,0.0,"(False, 'No serendipia')",0.4,4,1,1,0.5714285714285714,0.0,1.0,0.0,"(False, 'No serendipia')",0.4,4,1,1
77,7,7,0.5714285714285714,0.375,0.6222222222222222,0.37777777777777777,"(False, 'No serendipia')",0.38,10,4,1,0.8571428571428571,0.5,0.6444444444444444,0.3555555555555556,"(False, 'No serendipia')",0.38,10,4,4,0.5714285714285714,0.0,1.0,0.0,"(False, 'No serendipia')",0.4,4,1,1,0.5714285714285714,0.0,1.0,0.0,"(False, 'No serendipia')",0.4,4,1,1
78,7,8,0.8571428571428571,0.5,0.6799999999999999,0.32000000000000006,"(False, 'No serendipia')",0.35624999999999996,16,6,1,0.8571428571428571,0.41666666666666663,0.76,0.24,"(False, 'No serendipia')",0.35624999999999996,16,6,6,0.5714285714285714,0.0,1.0,0.0,"(False, 'No serendipia')",0.4,4,1,1,0.5714285714285714,0.0,1.0,0.0,"(False, 'No serendipia')",0.4,4,1,1
79,7,9,0.8571428571428571,0.2857142857142857,0.6666666666666667,0.33333333333333326,"(False, 'No serendipia')",0.375,16,7,1,0.8571428571428571,0.3571428571428571,0.7666666666666667,0.23333333333333328,"(False, 'No serendipia')",0.375,16,7,7,0.5714285714285714,0.0,1.0,0.0,"(False, 'No serendipia')",0.4,4,1,1,0.5714285714285714,0.0,1.0,0.0,"(False, 'No serendipia')",0.4,4,1,1
80,8,0,0.8571428571428571,0.375,0.39999999999999997,0.6000000000000001,"(False, 'No serendipia')",0.38,10,4,2,0.8571428571428571,0.25,0.48888888888888893,0.5111111111111111,"(False, 'No serendipia')",0.38,10,4,4,0.2857142857142857,0.5,1.0,0.0,"(False, 'No serendipia')",0.4,4,1,1,0.2857142857142857,0.5,1.0,0.0,"(False, 'No serendipia')",0.4,4,1,1
81,8,1,0.5714285714285714,0.6666666666666667,0.4,0.6,"(False, 'No serendipia')",0.425,8,3,0,0.8571428571428571,0.33333333333333337,0.4,0.6,"(False, 'No serendipia')",0.425,8,3,3,0.2857142857142857,0.5,1.0,0.0,"(False, 'No serendipia')",0.4,4,1,1,0.2857142857142857,0.5,1.0,0.0,"(False, 'No serendipia')",0.4,4,1,1
82,8,2,0.42857142857142855,0.75,0.6,0.4,"(False, 'No serendipia')",0.3333333333333333,6,2,1,0.2857142857142857,0.25,0.6,0.4,"(False, 'No serendipia')",0.3333333333333333,6,2,2,0.2857142857142857,0.5,1.0,0.0,"(False, 'No serendipia')",0.4,4,1,1,0.2857142857142857,0.5,1.0,0.0,"(False, 'No serendipia')",0.4,4,1,1
83,8,3,0.8571428571428571,0.5,0.2,0.8,"(True, ""The explainers that are a surprise are ['/Images/HSIC', '/Timeseries/LEFTIST']"")",0.3875,8,2,0,0.8571428571428571,0.6666666666666667,0.5666666666666667,0.43333333333333335,"(False, 'No serendipia')",0.425,8,3,3,0.2857142857142857,0.5,1.0,0.0,"(False, 'No serendipia')",0.4,4,1,1,0.2857142857142857,0.5,1.0,0.0,"(False, 'No serendipia')",0.4,4,1,1
84,8,4,0.8571428571428571,0.75,0.68,0.31999999999999995,"(False, 'No serendipia')",0.35624999999999996,16,6,1,0.8571428571428571,0.25,0.6666666666666667,0.33333333333333326,"(False, 'No serendipia')",0.35624999999999996,16,6,6,0.2857142857142857,0.5,1.0,0.0,"(False, 'No serendipia')",0.4,4,1,1,0.2857142857142857,0.5,1.0,0.0,"(False, 'No serendipia')",0.4,4,1,1
85,8,5,0.5714285714285714,0.4375,0.6666666666666666,0.33333333333333337,"(False, 'No serendipia')",0.375,20,8,0,0.8571428571428571,0.33333333333333337,0.7666666666666667,0.23333333333333328,"(False, 'No serendipia')",0.39,20,9,9,0.2857142857142857,0.5,1.0,0.0,"(False, 'No serendipia')",0.4,4,1,1,0.2857142857142857,0.5,1.0,0.0,"(False, 'No serendipia')",0.4,4,1,1
86,8,6,0.5714285714285714,0.6666666666666667,0.5666666666666667,0.43333333333333335,"(False, 'No serendipia')",0.425,8,3,0,0.8571428571428571,0.16666666666666663,0.5333333333333333,0.4666666666666667,"(False, 'No serendipia')",0.425,8,3,3,0.2857142857142857,0.5,1.0,0.0,"(False, 'No serendipia')",0.4,4,1,1,0.2857142857142857,0.5,1.0,0.0,"(False, 'No serendipia')",0.4,4,1,1
87,8,7,0.8571428571428571,0.3571428571428571,0.6555555555555556,0.34444444444444444,"(False, 'No serendipia')",0.375,16,7,2,0.8571428571428571,0.19999999999999996,0.5833333333333334,0.41666666666666663,"(False, 'No serendipia')",0.3375,16,5,5,0.2857142857142857,0.5,1.0,0.0,"(False, 'No serendipia')",0.4,4,1,1,0.2857142857142857,0.5,1.0,0.0,"(False, 'No serendipia')",0.4,4,1,1
88,8,8,0.5714285714285714,0.75,0.26666666666666666,0.7333333333333334,"(False, 'No serendipia')",0.3333333333333333,6,2,0,0.8571428571428571,0.5,0.4,0.6,"(False, 'No serendipia')",0.3333333333333333,6,2,2,0.2857142857142857,0.5,1.0,0.0,"(False, 'No serendipia')",0.4,4,1,1,0.2857142857142857,0.5,1.0,0.0,"(False, 'No serendipia')",0.4,4,1,1
89,8,9,0.8571428571428571,0.33333333333333337,0.6533333333333335,0.34666666666666646,"(False, 'No serendipia')",0.35624999999999996,16,6,2,0.8571428571428571,0.25,0.6666666666666667,0.33333333333333326,"(False, 'No serendipia')",0.35624999999999996,16,6,6,0.2857142857142857,0.5,1.0,0.0,"(False, 'No serendipia')",0.4,4,1,1,0.2857142857142857,0.5,1.0,0.0,"(False, 'No serendipia')",0.4,4,1,1
90,9,0,0.8571428571428571,0.25,0.5333333333333333,0.4666666666666667,"(False, 'No serendipia')",0.38,10,4,0,0.8571428571428571,0.25,0.6888888888888888,0.3111111111111112,"(False, 'No serendipia')",0.38,10,4,4,0.0,0.0,1.0,0.0,"(False, 'No serendipia')",0.4,4,1,1,0.0,0.0,1.0,0.0,"(False, 'No serendipia')",0.4,4,1,1
91,9,1,0.5714285714285714,0.375,0.5555555555555555,0.44444444444444453,"(False, 'No serendipia')",0.38,10,4,0,0.8571428571428571,0.5,0.6666666666666666,0.33333333333333337,"(False, 'No serendipia')",0.38,10,4,4,0.0,0.0,1.0,0.0,"(False, 'No serendipia')",0.4,4,1,1,0.0,0.0,1.0,0.0,"(False, 'No serendipia')",0.4,4,1,1
92,9,2,0.5714285714285714,0.41666666666666663,0.7466666666666667,0.2533333333333333,"(False, 'No serendipia')",0.4,14,6,2,0.8571428571428571,0.4,0.75,0.25,"(False, 'No serendipia')",0.37857142857142856,14,5,5,0.0,0.0,1.0,0.0,"(False, 'No serendipia')",0.4,4,1,1,0.0,0.0,1.0,0.0,"(False, 'No serendipia')",0.4,4,1,1
93,9,3,0.8571428571428571,0.375,0.5333333333333333,0.4666666666666667,"(False, 'No serendipia')",0.38,10,4,0,0.8571428571428571,0.375,0.7333333333333333,0.2666666666666667,"(False, 'No serendipia')",0.38,10,4,4,0.0,0.0,1.0,0.0,"(False, 'No serendipia')",0.4,4,1,1,0.0,0.0,1.0,0.0,"(False, 'No serendipia')",0.4,4,1,1
94,9,4,0.8571428571428571,0.5,0.5666666666666667,0.43333333333333335,"(True, ""The explainers that are a surprise are ['/Images/ConfusionMatrix']"")",0.425,8,3,1,0.5714285714285714,0.0,0.6666666666666666,0.33333333333333337,"(False, 'No serendipia')",0.425,8,3,3,0.0,0.0,1.0,0.0,"(False, 'No serendipia')",0.4,4,1,1,0.0,0.0,1.0,0.0,"(False, 'No serendipia')",0.4,4,1,1
95,9,5,0.5714285714285714,0.75,0.26666666666666666,0.7333333333333334,"(False, 'No serendipia')",0.3333333333333333,6,2,0,0.2857142857142857,0.25,0.9333333333333333,0.06666666666666665,"(False, 'No serendipia')",0.3333333333333333,6,2,2,0.0,0.0,1.0,0.0,"(False, 'No serendipia')",0.4,4,1,1,0.0,0.0,1.0,0.0,"(False, 'No serendipia')",0.4,4,1,1
96,9,6,0.5714285714285714,1.0,0.5,0.5,"(False, 'No serendipia')",0.425,8,3,0,0.8571428571428571,0.33333333333333337,0.5666666666666667,0.43333333333333335,"(False, 'No serendipia')",0.425,8,3,3,0.0,0.0,1.0,0.0,"(False, 'No serendipia')",0.4,4,1,1,0.0,0.0,1.0,0.0,"(False, 'No serendipia')",0.4,4,1,1
97,9,7,0.2857142857142857,0.4,0.75,0.25,"(False, 'No serendipia')",0.35,12,5,1,0.8571428571428571,0.19999999999999996,0.7666666666666667,0.23333333333333328,"(False, 'No serendipia')",0.35,12,5,5,0.0,0.0,1.0,0.0,"(False, 'No serendipia')",0.4,4,1,1,0.0,0.0,1.0,0.0,"(False, 'No serendipia')",0.4,4,1,1
98,9,8,0.8571428571428571,0.5,0.5777777777777777,0.4222222222222223,"(False, 'No serendipia')",0.38,10,4,0,0.8571428571428571,0.5,0.6666666666666666,0.33333333333333337,"(False, 'No serendipia')",0.38,10,4,4,0.0,0.0,1.0,0.0,"(False, 'No serendipia')",0.4,4,1,1,0.0,0.0,1.0,0.0,"(False, 'No serendipia')",0.4,4,1,1
99,9,9,0.8571428571428571,0.33333333333333337,0.36666666666666664,0.6333333333333333,"(False, 'No serendipia')",0.425,8,3,0,0.8571428571428571,0.33333333333333337,0.6,0.4,"(False, 'No serendipia')",0.425,8,3,3,0.0,0.0,1.0,0.0,"(False, 'No serendipia')",0.4,4,1,1,0.0,0.0,1.0,0.0,"(False, 'No serendipia')",0.4,4,1,1
100,10,0,0.8571428571428571,0.16666666666666663,0.4666666666666667,0.5333333333333333,"(False, 'No serendipia')",0.3,8,3,0,0.8571428571428571,0.6666666666666667,0.6333333333333333,0.3666666666666667,"(False, 'No serendipia')",0.3,8,3,3,0.2857142857142857,0.5,1.0,0.0,"(False, 'No serendipia')",0.4,4,1,1,0.2857142857142857,0.5,1.0,0.0,"(False, 'No serendipia')",0.4,4,1,1
101,10,1,0.2857142857142857,0.5,0.5555555555555556,0.4444444444444444,"(False, 'No serendipia')",0.32499999999999996,12,4,3,0.2857142857142857,0.5,0.6888888888888889,0.3111111111111111,"(False, 'No serendipia')",0.32499999999999996,12,4,4,0.2857142857142857,0.5,1.0,0.0,"(False, 'No serendipia')",0.4,4,1,1,0.2857142857142857,0.5,1.0,0.0,"(False, 'No serendipia')",0.4,4,1,1
102,10,2,0.5714285714285714,0.30000000000000004,0.6833333333333333,0.31666666666666665,"(False, 'No serendipia')",0.35,12,5,2,0.5714285714285714,0.25,0.6888888888888888,0.3111111111111112,"(False, 'No serendipia')",0.32499999999999996,12,4,4,0.2857142857142857,0.5,1.0,0.0,"(False, 'No serendipia')",0.4,4,1,1,0.2857142857142857,0.5,1.0,0.0,"(False, 'No serendipia')",0.4,4,1,1
103,10,3,0.8571428571428571,0.5,0.5833333333333334,0.41666666666666663,"(False, 'No serendipia')",0.35,12,5,2,0.8571428571428571,0.4,0.7,0.30000000000000004,"(False, 'No serendipia')",0.35,12,5,5,0.5714285714285714,0.0,1.0,0.0,"(False, 'No serendipia')",0.4,4,1,1,0.5714285714285714,0.0,1.0,0.0,"(False, 'No serendipia')",0.4,4,1,1
104,10,4,0.8571428571428571,0.25,0.6666666666666666,0.33333333333333337,"(False, 'No serendipia')",0.38,10,4,1,0.8571428571428571,0.625,0.6222222222222222,0.37777777777777777,"(False, 'No serendipia')",0.38,10,4,4,0.5714285714285714,0.0,1.0,0.0,"(False, 'No serendipia')",0.4,4,1,1,0.2857142857142857,0.5,1.0,0.0,"(False, 'No serendipia')",0.4,4,1,1
105,10,5,0.8571428571428571,0.875,0.6666666666666665,0.3333333333333335,"(False, 'No serendipia')",0.38,10,4,3,0.8571428571428571,0.875,0.6444444444444444,0.3555555555555556,"(False, 'No serendipia')",0.38,10,4,4,0.2857142857142857,0.5,1.0,0.0,"(False, 'No serendipia')",0.4,4,1,1,0.2857142857142857,0.5,1.0,0.0,"(False, 'No serendipia')",0.4,4,1,1
106,10,6,0.5714285714285714,0.6000000000000001,0.65,0.35,"(False, 'No serendipia')",0.35,12,5,0,0.8571428571428571,0.19999999999999996,0.75,0.25,"(False, 'No serendipia')",0.35,12,5,5,0.2857142857142857,0.5,1.0,0.0,"(False, 'No serendipia')",0.4,4,1,1,0.2857142857142857,0.5,1.0,0.0,"(False, 'No serendipia')",0.4,4,1,1
107,10,7,0.8571428571428571,0.5,0.26666666666666666,0.7333333333333334,"(False, 'No serendipia')",0.3333333333333333,6,2,1,0.8571428571428571,0.5,0.3333333333333333,0.6666666666666667,"(False, 'No serendipia')",0.3333333333333333,6,2,2,0.5714285714285714,0.0,1.0,0.0,"(False, 'No serendipia')",0.4,4,1,1,0.5714285714285714,0.0,1.0,0.0,"(False, 'No serendipia')",0.4,4,1,1
108,10,8,0.8571428571428571,0.33333333333333337,0.43333333333333335,0.5666666666666667,"(False, 'No serendipia')",0.425,8,3,1,0.2857142857142857,0.5,0.5666666666666667,0.43333333333333335,"(False, 'No serendipia')",0.425,8,3,3,0.2857142857142857,0.5,1.0,0.0,"(False, 'No serendipia')",0.4,4,1,1,0.5714285714285714,0.0,1.0,0.0,"(False, 'No serendipia')",0.4,4,1,1
109,10,9,0.8571428571428571,0.6666666666666667,0.64,0.36,"(False, 'No serendipia')",0.4,14,6,0,0.8571428571428571,0.5,0.6799999999999999,0.32000000000000006,"(False, 'No serendipia')",0.4,14,6,6,0.2857142857142857,0.5,1.0,0.0,"(False, 'No serendipia')",0.4,4,1,1,0.2857142857142857,0.5,1.0,0.0,"(False, 'No serendipia')",0.4,4,1,1
110,11,0,0.5714285714285714,0.6666666666666667,0.4666666666666667,0.5333333333333333,"(False, 'No serendipia')",0.425,8,3,0,0.5714285714285714,0.33333333333333337,0.4666666666666667,0.5333333333333333,"(False, 'No serendipia')",0.425,8,3,3,0.2857142857142857,1.0,1.0,0.0,"(False, 'No serendipia')",0.4,4,1,1,0.2857142857142857,1.0,1.0,0.0,"(False, 'No serendipia')",0.4,4,1,1
111,11,1,0.8571428571428571,0.33333333333333337,0.5,0.5,"(False, 'No serendipia')",0.425,8,3,0,0.5714285714285714,0.33333333333333337,0.4666666666666667,0.5333333333333333,"(False, 'No serendipia')",0.425,8,3,3,0.2857142857142857,1.0,1.0,0.0,"(False, 'No serendipia')",0.4,4,1,1,0.2857142857142857,1.0,1.0,0.0,"(False, 'No serendipia')",0.4,4,1,1
112,11,2,0.8571428571428571,0.625,0.5555555555555555,0.44444444444444453,"(False, 'No serendipia')",0.38,10,4,0,0.5714285714285714,0.33333333333333337,0.4666666666666667,0.5333333333333333,"(False, 'No serendipia')",0.35,10,3,3,0.2857142857142857,1.0,1.0,0.0,"(False, 'No serendipia')",0.4,4,1,1,0.2857142857142857,1.0,1.0,0.0,"(False, 'No serendipia')",0.4,4,1,1
113,11,3,0.8571428571428571,0.33333333333333337,0.7066666666666667,0.29333333333333333,"(False, 'No serendipia')",0.4,14,6,0,0.5714285714285714,0.33333333333333337,0.4666666666666667,0.5333333333333333,"(False, 'No serendipia')",0.33571428571428574,14,3,3,0.2857142857142857,1.0,1.0,0.0,"(False, 'No serendipia')",0.4,4,1,1,0.2857142857142857,1.0,1.0,0.0,"(False, 'No serendipia')",0.4,4,1,1
114,11,4,0.5714285714285714,0.5,0.4666666666666667,0.5333333333333333,"(False, 'No serendipia')",0.3333333333333333,6,2,0,0.2857142857142857,0.5,0.26666666666666666,0.7333333333333334,"(False, 'No serendipia')",0.3333333333333333,6,2,2,0.2857142857142857,1.0,1.0,0.0,"(False, 'No serendipia')",0.4,4,1,1,0.2857142857142857,1.0,1.0,0.0,"(False, 'No serendipia')",0.4,4,1,1
115,11,5,0.5714285714285714,0.4,0.6333333333333333,0.3666666666666667,"(False, 'No serendipia')",0.35,12,5,0,0.5714285714285714,0.33333333333333337,0.4666666666666667,0.5333333333333333,"(False, 'No serendipia')",0.3,12,3,3,0.2857142857142857,1.0,1.0,0.0,"(False, 'No serendipia')",0.4,4,1,1,0.2857142857142857,1.0,1.0,0.0,"(False, 'No serendipia')",0.4,4,1,1
116,11,6,0.8571428571428571,0.5,0.6,0.4,"(False, 'No serendipia')",0.425,8,3,0,0.5714285714285714,0.33333333333333337,0.4666666666666667,0.5333333333333333,"(False, 'No serendipia')",0.425,8,3,3,0.2857142857142857,1.0,1.0,0.0,"(False, 'No serendipia')",0.4,4,1,1,0.2857142857142857,1.0,1.0,0.0,"(False, 'No serendipia')",0.4,4,1,1
117,11,7,0.5714285714285714,0.5,0.5777777777777778,0.42222222222222217,"(False, 'No serendipia')",0.38,10,4,0,0.5714285714285714,0.33333333333333337,0.4666666666666667,0.5333333333333333,"(False, 'No serendipia')",0.35,10,3,3,0.2857142857142857,1.0,1.0,0.0,"(False, 'No serendipia')",0.4,4,1,1,0.2857142857142857,1.0,1.0,0.0,"(False, 'No serendipia')",0.4,4,1,1
118,11,8,0.5714285714285714,0.30000000000000004,0.6833333333333333,0.31666666666666665,"(False, 'No serendipia')",0.35,12,5,0,0.5714285714285714,0.33333333333333337,0.4666666666666667,0.5333333333333333,"(False, 'No serendipia')",0.3,12,3,3,0.2857142857142857,1.0,1.0,0.0,"(False, 'No serendipia')",0.4,4,1,1,0.2857142857142857,1.0,1.0,0.0,"(False, 'No serendipia')",0.4,4,1,1
119,11,9,0.8571428571428571,0.75,0.761904761904762,0.23809523809523803,"(False, 'No serendipia')",0.375,20,8,0,0.5714285714285714,0.33333333333333337,0.4666666666666667,0.5333333333333333,"(False, 'No serendipia')",0.3,20,3,3,0.2857142857142857,1.0,1.0,0.0,"(False, 'No serendipia')",0.4,4,1,1,0.2857142857142857,1.0,1.0,0.0,"(False, 'No serendipia')",0.4,4,1,1
120,12,0,0.2857142857142857,0.8333333333333333,0.5333333333333333,0.4666666666666667,"(True, ""The explainers that are a surprise are ['/Images/SmoothGrad']"")",0.425,8,3,1,0.5714285714285714,0.16666666666666663,0.4,0.6,"(False, 'No serendipia')",0.425,8,3,3,0.8571428571428571,0.75,0.5,0.5,"(False, 'No serendipia')",0.41666666666666663,6,2,2,0.8571428571428571,0.75,0.5,0.5,"(False, 'No serendipia')",0.41666666666666663,6,2,2
121,12,1,0.8571428571428571,0.8333333333333333,0.6533333333333334,0.34666666666666657,"(False, 'No serendipia')",0.35624999999999996,16,6,2,0.8571428571428571,0.3571428571428571,0.6555555555555556,0.34444444444444444,"(False, 'No serendipia')",0.375,16,7,7,0.8571428571428571,0.75,0.5,0.5,"(False, 'No serendipia')",0.41666666666666663,6,2,2,0.8571428571428571,0.75,0.5,0.5,"(False, 'No serendipia')",0.41666666666666663,6,2,2
122,12,2,0.5714285714285714,0.16666666666666663,0.4,0.6,"(False, 'No serendipia')",0.425,8,3,1,0.8571428571428571,0.33333333333333337,0.36666666666666664,0.6333333333333333,"(False, 'No serendipia')",0.425,8,3,3,0.8571428571428571,0.75,0.5,0.5,"(False, 'No serendipia')",0.41666666666666663,6,2,2,0.8571428571428571,0.75,0.5,0.5,"(False, 'No serendipia')",0.41666666666666663,6,2,2
123,12,3,0.8571428571428571,0.6000000000000001,0.6333333333333333,0.3666666666666667,"(False, 'No serendipia')",0.35,12,5,3,0.8571428571428571,0.30000000000000004,0.6,0.4,"(False, 'No serendipia')",0.35,12,5,5,0.8571428571428571,0.75,0.5,0.5,"(False, 'No serendipia')",0.41666666666666663,6,2,2,0.8571428571428571,0.75,0.5,0.5,"(False, 'No serendipia')",0.41666666666666663,6,2,2
124,12,4,0.5714285714285714,0.3571428571428571,0.7777777777777778,0.2222222222222222,"(False, 'No serendipia')",0.375,16,7,0,0.8571428571428571,0.3571428571428571,0.6555555555555556,0.34444444444444444,"(False, 'No serendipia')",0.375,16,7,7,0.8571428571428571,0.75,0.5,0.5,"(False, 'No serendipia')",0.41666666666666663,6,2,2,0.8571428571428571,0.75,0.5,0.5,"(False, 'No serendipia')",0.41666666666666663,6,2,2
125,12,5,0.5714285714285714,0.0,0.5777777777777778,0.42222222222222217,"(False, 'No serendipia')",0.38,10,4,1,0.5714285714285714,0.375,0.6444444444444445,0.3555555555555555,"(True, ""The explainers that are a surprise are ['/Misc/AIModelPerformance']"")",0.38,10,4,4,0.8571428571428571,0.75,0.5,0.5,"(False, 'No serendipia')",0.41666666666666663,6,2,2,0.8571428571428571,0.75,0.5,0.5,"(False, 'No serendipia')",0.41666666666666663,6,2,2
126,12,6,0.8571428571428571,0.75,0.5111111111111112,0.4888888888888888,"(False, 'No serendipia')",0.38,10,4,2,0.8571428571428571,0.25,0.48888888888888893,0.5111111111111111,"(False, 'No serendipia')",0.38,10,4,4,0.8571428571428571,0.75,0.5,0.5,"(False, 'No serendipia')",0.41666666666666663,6,2,2,0.8571428571428571,0.75,0.5,0.5,"(False, 'No serendipia')",0.41666666666666663,6,2,2
127,12,7,0.5714285714285714,0.5,0.3,0.7,"(False, 'No serendipia')",0.425,8,3,1,0.5714285714285714,0.33333333333333337,0.4666666666666667,0.5333333333333333,"(False, 'No serendipia')",0.425,8,3,3,0.8571428571428571,0.75,0.5,0.5,"(False, 'No serendipia')",0.41666666666666663,6,2,2,0.8571428571428571,0.75,0.5,0.5,"(False, 'No serendipia')",0.41666666666666663,6,2,2
128,12,8,0.5714285714285714,0.33333333333333337,0.5333333333333333,0.4666666666666667,"(False, 'No serendipia')",0.3,8,3,1,0.8571428571428571,0.0,0.7666666666666667,0.23333333333333328,"(False, 'No serendipia')",0.3,8,3,3,0.2857142857142857,0.5,1.0,0.0,"(False, 'No serendipia')",0.4,4,1,1,0.2857142857142857,0.5,1.0,0.0,"(False, 'No serendipia')",0.4,4,1,1
129,12,9,0.8571428571428571,0.6428571428571428,0.6777777777777777,0.3222222222222223,"(False, 'No serendipia')",0.375,16,7,2,0.8571428571428571,0.4285714285714286,0.6888888888888889,0.3111111111111111,"(False, 'No serendipia')",0.375,16,7,7,0.8571428571428571,0.75,0.5,0.5,"(False, 'No serendipia')",0.41666666666666663,6,2,2,0.8571428571428571,0.75,0.5,0.5,"(False, 'No serendipia')",0.41666666666666663,6,2,2
130,13,0,0.5714285714285714,0.33333333333333337,0.6,0.4,"(False, 'No serendipia')",0.3,8,3,0,0.5714285714285714,0.16666666666666663,0.43333333333333335,0.5666666666666667,"(False, 'No serendipia')",0.3,8,3,3,0.5714285714285714,1.0,1.0,0.0,"(False, 'No serendipia')",0.4,4,1,1,0.5714285714285714,1.0,1.0,0.0,"(False, 'No serendipia')",0.4,4,1,1
131,13,1,0.8571428571428571,0.5555555555555556,0.7083333333333334,0.29166666666666663,"(False, 'No serendipia')",0.39,20,9,2,0.8571428571428571,0.4444444444444444,0.7333333333333333,0.2666666666666667,"(False, 'No serendipia')",0.39,20,9,9,0.8571428571428571,0.75,0.5,0.5,"(False, 'No serendipia')",0.41666666666666663,6,2,2,0.8571428571428571,0.75,0.5,0.5,"(False, 'No serendipia')",0.41666666666666663,6,2,2
132,13,2,0.8571428571428571,0.4,0.8166666666666667,0.18333333333333335,"(False, 'No serendipia')",0.35,12,5,5,0.8571428571428571,0.4,0.8166666666666667,0.18333333333333335,"(False, 'No serendipia')",0.35,12,5,5,0.8571428571428571,0.75,0.5,0.5,"(False, 'No serendipia')",0.41666666666666663,6,2,2,0.8571428571428571,0.75,0.5,0.5,"(False, 'No serendipia')",0.41666666666666663,6,2,2
133,13,3,0.5714285714285714,0.25,0.26666666666666666,0.7333333333333334,"(False, 'No serendipia')",0.3875,8,2,0,0.8571428571428571,0.5,0.3333333333333333,0.6666666666666667,"(False, 'No serendipia')",0.425,8,3,3,0.8571428571428571,0.75,0.5,0.5,"(False, 'No serendipia')",0.41666666666666663,6,2,2,0.8571428571428571,0.75,0.5,0.5,"(False, 'No serendipia')",0.41666666666666663,6,2,2
134,13,4,0.8571428571428571,0.25,0.5111111111111111,0.48888888888888893,"(False, 'No serendipia')",0.38,10,4,2,0.8571428571428571,0.16666666666666663,0.5,0.5,"(False, 'No serendipia')",0.35,10,3,3,0.8571428571428571,0.75,0.7666666666666667,0.23333333333333328,"(False, 'No serendipia')",0.41666666666666663,6,2,2,0.8571428571428571,0.75,0.7666666666666667,0.23333333333333328,"(False, 'No serendipia')",0.41666666666666663,6,2,2
135,13,5,0.8571428571428571,0.7,0.6833333333333333,0.31666666666666665,"(False, 'No serendipia')",0.37857142857142856,14,5,0,0.8571428571428571,0.33333333333333337,0.6,0.4,"(False, 'No serendipia')",0.4,14,6,6,0.8571428571428571,0.75,0.5,0.5,"(False, 'No serendipia')",0.41666666666666663,6,2,2,0.8571428571428571,0.75,0.5,0.5,"(False, 'No serendipia')",0.41666666666666663,6,2,2
136,13,6,0.8571428571428571,0.2857142857142857,0.6555555555555557,0.34444444444444433,"(False, 'No serendipia')",0.375,16,7,2,0.8571428571428571,0.2857142857142857,0.6888888888888889,0.3111111111111111,"(False, 'No serendipia')",0.375,16,7,7,0.8571428571428571,0.75,0.5,0.5,"(False, 'No serendipia')",0.41666666666666663,6,2,2,0.8571428571428571,0.75,0.7666666666666667,0.23333333333333328,"(False, 'No serendipia')",0.41666666666666663,6,2,2
137,13,7,0.8571428571428571,0.375,0.5777777777777777,0.4222222222222223,"(False, 'No serendipia')",0.38,10,4,2,0.8571428571428571,0.5,0.6444444444444445,0.3555555555555555,"(True, ""The explainers that are a surprise are ['/Misc/AIModelPerformance']"")",0.38,10,4,4,0.8571428571428571,0.75,0.5,0.5,"(False, 'No serendipia')",0.41666666666666663,6,2,2,0.8571428571428571,0.75,0.5,0.5,"(False, 'No serendipia')",0.41666666666666663,6,2,2
138,13,8,0.5714285714285714,0.6666666666666667,0.36666666666666664,0.6333333333333333,"(False, 'No serendipia')",0.425,8,3,1,0.5714285714285714,0.16666666666666663,0.5666666666666667,0.43333333333333335,"(True, ""The explainers that are a surprise are ['/Misc/AIModelPerformance']"")",0.425,8,3,3,0.8571428571428571,0.75,0.5,0.5,"(False, 'No serendipia')",0.41666666666666663,6,2,2,0.8571428571428571,0.75,0.5,0.5,"(False, 'No serendipia')",0.41666666666666663,6,2,2
139,13,9,0.8571428571428571,0.1428571428571429,0.6777777777777778,0.3222222222222222,"(False, 'No serendipia')",0.375,16,7,4,0.8571428571428571,0.25,0.6799999999999999,0.32000000000000006,"(False, 'No serendipia')",0.35624999999999996,16,6,6,0.8571428571428571,0.75,0.7666666666666667,0.23333333333333328,"(False, 'No serendipia')",0.41666666666666663,6,2,2,0.8571428571428571,0.75,0.5,0.5,"(False, 'No serendipia')",0.41666666666666663,6,2,2
140,14,0,0.2857142857142857,1.0,0.6,0.4,"(False, 'No serendipia')",0.425,8,3,0,0.8571428571428571,0.5,0.4666666666666667,0.5333333333333333,"(False, 'No serendipia')",0.425,8,3,3,0.2857142857142857,0.5,1.0,0.0,"(False, 'No serendipia')",0.4,4,1,1,0.2857142857142857,0.5,1.0,0.0,"(False, 'No serendipia')",0.4,4,1,1
141,14,1,0.5714285714285714,0.25,0.6888888888888888,0.3111111111111112,"(False, 'No serendipia')",0.38,10,4,0,0.8571428571428571,0.5,0.6666666666666667,0.33333333333333326,"(False, 'No serendipia')",0.38,10,4,4,0.2857142857142857,0.5,1.0,0.0,"(False, 'No serendipia')",0.4,4,1,1,0.5714285714285714,0.0,1.0,0.0,"(False, 'No serendipia')",0.4,4,1,1
142,14,2,0.8571428571428571,0.25,0.4,0.6,"(False, 'No serendipia')",0.3333333333333333,6,2,1,0.8571428571428571,0.25,0.4,0.6,"(False, 'No serendipia')",0.3333333333333333,6,2,2,0.5714285714285714,0.0,1.0,0.0,"(False, 'No serendipia')",0.4,4,1,1,0.5714285714285714,0.0,1.0,0.0,"(False, 'No serendipia')",0.4,4,1,1
143,14,3,0.8571428571428571,0.30000000000000004,0.6166666666666667,0.3833333333333333,"(False, 'No serendipia')",0.35,12,5,3,0.8571428571428571,0.4,0.6833333333333333,0.31666666666666665,"(False, 'No serendipia')",0.35,12,5,5,0.5714285714285714,0.0,1.0,0.0,"(False, 'No serendipia')",0.4,4,1,1,0.5714285714285714,0.0,1.0,0.0,"(False, 'No serendipia')",0.4,4,1,1
144,14,4,0.8571428571428571,0.4285714285714286,0.6666666666666666,0.33333333333333337,"(False, 'No serendipia')",0.375,16,7,3,0.8571428571428571,0.5,0.8111111111111111,0.18888888888888888,"(False, 'No serendipia')",0.375,16,7,7,0.2857142857142857,0.5,1.0,0.0,"(False, 'No serendipia')",0.4,4,1,1,0.2857142857142857,0.5,1.0,0.0,"(False, 'No serendipia')",0.4,4,1,1
145,14,5,0.5714285714285714,0.6428571428571428,0.7222222222222222,0.2777777777777778,"(False, 'No serendipia')",0.375,16,7,3,0.5714285714285714,0.5,0.8222222222222223,0.1777777777777777,"(False, 'No serendipia')",0.375,16,7,7,0.2857142857142857,0.5,1.0,0.0,"(False, 'No serendipia')",0.4,4,1,1,0.2857142857142857,0.5,1.0,0.0,"(False, 'No serendipia')",0.4,4,1,1
146,14,6,0.5714285714285714,0.625,0.6444444444444445,0.3555555555555555,"(False, 'No serendipia')",0.38,10,4,0,0.8571428571428571,0.75,0.711111111111111,0.288888888888889,"(False, 'No serendipia')",0.38,10,4,4,0.2857142857142857,0.5,1.0,0.0,"(False, 'No serendipia')",0.4,4,1,1,0.2857142857142857,0.5,1.0,0.0,"(False, 'No serendipia')",0.4,4,1,1
147,14,7,0.8571428571428571,0.5,0.6333333333333333,0.3666666666666667,"(False, 'No serendipia')",0.35,12,5,2,0.8571428571428571,0.5,0.6666666666666666,0.33333333333333337,"(False, 'No serendipia')",0.35,12,5,5,0.2857142857142857,0.5,1.0,0.0,"(False, 'No serendipia')",0.4,4,1,1,0.2857142857142857,0.5,1.0,0.0,"(False, 'No serendipia')",0.4,4,1,1
148,14,8,0.8571428571428571,0.5,0.75,0.25,"(False, 'No serendipia')",0.39,20,9,5,0.8571428571428571,0.5625,0.780952380952381,0.21904761904761905,"(False, 'No serendipia')",0.375,20,8,8,0.2857142857142857,0.5,1.0,0.0,"(False, 'No serendipia')",0.4,4,1,1,0.5714285714285714,0.0,1.0,0.0,"(False, 'No serendipia')",0.4,4,1,1
149,14,9,0.8571428571428571,0.19999999999999996,0.7666666666666667,0.23333333333333328,"(False, 'No serendipia')",0.35,12,5,2,0.5714285714285714,0.6000000000000001,0.7166666666666667,0.2833333333333333,"(False, 'No serendipia')",0.35,12,5,5,0.2857142857142857,0.5,1.0,0.0,"(False, 'No serendipia')",0.4,4,1,1,0.2857142857142857,0.5,1.0,0.0,"(False, 'No serendipia')",0.4,4,1,1
